model,property,fold,srcc,srcc_pval,mae,mse,rmse,r2,n_samples
CGCNN,CH4_HP,0,0.8646368752815066,0.0,1.3334847466764923,3.3583937451322092,1.8325920836706158,0.8314603870613901,1715
CGCNN,CH4_HP,1,0.8639953098124699,0.0,1.3028217847945043,3.2504984148211817,1.8029138678320664,0.8368750699689145,1715
CGCNN,CH4_HP,2,0.8744284315689074,0.0,1.309640150358656,3.241309910308708,1.8003638272051314,0.8373361912999858,1715
CGCNN,CH4_HP,3,0.8548725320353926,0.0,1.3623898588012329,3.379891796661727,1.8384482034209522,0.830381516160987,1715
CGCNN,CH4_HP,4,0.8570676840602782,0.0,1.3151609303131049,3.1988152810984696,1.7885232123454449,0.8394687668413273,1715
CGCNN,CO2_LP,0,0.7879587015139835,0.0,0.6187602674080813,0.8211621387612368,0.9061799704039131,0.6524053351384613,1715
CGCNN,CO2_LP,1,0.7829757139305028,0.0,0.6073365982130452,0.7671430771204334,0.8758670430610078,0.6752713889186508,1715
CGCNN,CO2_LP,2,0.7962481716104057,0.0,0.5956956316836439,0.7448267295379742,0.8630334463611328,0.6847178100244271,1715
CGCNN,CO2_LP,3,0.7889658143386941,0.0,0.6005507339321555,0.75381731796138,0.868226536084552,0.6809121297300871,1715
CGCNN,CO2_LP,4,0.8026374922928128,0.0,0.5995852154234299,0.7685775178638781,0.8766855296307098,0.674664195861463,1715
CGCNN,Df,0,0.6103209832714731,1.4457478289183151e-175,1.1746466700606721,3.5049604402337406,1.872153957406746,0.38814464154562167,1715
CGCNN,Df,1,0.6197302121009314,1.6931446443715182e-182,1.124280549485899,3.277786202085596,1.8104657417597263,0.42780208626829697,1715
CGCNN,Df,2,0.6032587414401674,1.6263348631419302e-170,1.1752563484903675,3.4441077078876594,1.8558307325528531,0.3987676060547609,1715
CGCNN,Df,3,0.5942307458768343,3.067233825817445e-164,1.1651392571085049,3.2732886225285713,1.8092232097031509,0.42858722156410567,1715
CGCNN,Df,4,0.5920795294952225,8.97183444310113e-163,1.1331582106932259,3.256262274801168,1.8045116444071976,0.4315594839532425,1715
CGCNN,Di,0,0.6666820594001583,6.39912526624093e-221,1.3827843294894382,5.334897465908953,2.309739696569497,0.5204942751192249,1715
CGCNN,Di,1,0.6656323861539263,5.5211024682891914e-220,1.4285091640650358,5.988509211184583,2.4471430712536164,0.4617470216412086,1715
CGCNN,Di,2,0.6766823470652966,4.943256834063912e-230,1.461702613302292,5.318481067006,2.3061832249424588,0.5219697968712724,1715
CGCNN,Di,3,0.6343622150099643,9.297295632528251e-194,1.4414383688056434,5.642979349703258,2.3754956008595887,0.49280357853968837,1715
CGCNN,Di,4,0.6571822227188763,1.3783471083037573e-212,1.4410613470105318,5.562500936666688,2.3584954815870836,0.5000370558514738,1715
CGCNN,Dif,0,0.6782665351150652,1.6489889032229463e-231,1.4211741035950776,5.1800997055286535,2.2759832392899235,0.5076290536147096,1715
CGCNN,Dif,1,0.6590087984167985,3.636702824960059e-214,1.43966054527127,5.701788222599251,2.3878417499070683,0.45804231137609186,1715
CGCNN,Dif,2,0.633933051885367,2.029105350640839e-193,1.4642700042390961,5.577576409705895,2.3616893126967176,0.4698487034038864,1715
CGCNN,Dif,3,0.675824764998503,3.087384336942025e-229,1.3850746780373264,5.353990094999881,2.313869074731732,0.49110068920120686,1715
CGCNN,Dif,4,0.6559949922381211,1.4438889099988608e-211,1.425898209952752,5.915437359491372,2.4321672145416673,0.4377348590670752,1715
CGCNN,logKH_CO2,0,0.7939792115225238,0.0,0.4744716695116143,0.4407357648134429,0.6638793300091839,0.6115916162465493,1715
CGCNN,logKH_CO2,1,0.8094863115707982,0.0,0.4541379779924804,0.3946262220461347,0.628192822345285,0.6522266960645932,1715
CGCNN,logKH_CO2,2,0.8007490502024998,0.0,0.4634057519126564,0.4180902603466129,0.6465989950089722,0.6315484804074738,1715
CGCNN,logKH_CO2,3,0.799858384655851,0.0,0.4671100223811653,0.4367217070048904,0.6608492316745858,0.6151290956847628,1715
CGCNN,logKH_CO2,4,0.80889599767508,0.0,0.4620143594356042,0.40987776553705657,0.6402169675485464,0.6387859276269288,1715
Transformer,CH4_HP,0,0.6847697227896098,1.1375337043491989e-237,2.0304527516093964,9.712094829149068,3.116423403382324,0.512602503592556,1715
Transformer,CH4_HP,1,0.6790688102603886,2.9225972886792264e-232,2.0345153031300525,9.630070413637394,3.1032354750546074,0.5167188652496401,1715
Transformer,CH4_HP,2,0.6853237445334615,3.338800652557378e-238,1.9687003291556857,9.720845575107115,3.1178270598458657,0.512163350995029,1715
Transformer,CH4_HP,3,0.6765428390156302,6.6622208157364985e-230,2.0583652390856786,9.82305098692817,3.13417468991889,0.5070342143136856,1715
Transformer,CH4_HP,4,0.6574500487707055,8.101707253602659e-213,2.0416792310882936,10.290148533229825,3.2078261382484285,0.48359311549304795,1715
Transformer,CO2_LP,0,0.6273048384031749,2.9836449798176266e-188,0.8137253914775093,1.5308627611725663,1.2372803890681232,0.35199188649696345,1715
Transformer,CO2_LP,1,0.6384917702653276,4.7776725433360934e-197,0.8123987659809259,1.647093355539132,1.2833913493315794,0.3027919385348582,1715
Transformer,CO2_LP,2,0.6330400719332585,1.0252994149830032e-192,0.8098577143800915,1.597984922176187,1.2641142836690784,0.32357934291083046,1715
Transformer,CO2_LP,3,0.610961678701038,4.960410303276313e-176,0.8346656791276622,1.6017047033825886,1.265584727856096,0.3220047743320258,1715
Transformer,CO2_LP,4,0.639456112860331,8.013842161066152e-198,0.7963835378905144,1.4994233185090764,1.2245094195264798,0.3653000774378353,1715
Transformer,Df,0,0.5120590555311919,2.8984509197146245e-115,1.2149992873300268,3.659547854547209,1.9129944732139736,0.36115856298349247,1715
Transformer,Df,1,0.5021268372958985,3.2720885340258176e-110,1.2976927202575061,3.853810549078362,1.9631124647045473,0.32724643398133313,1715
Transformer,Df,2,0.5373528146722609,6.489636774220803e-129,1.2236292820977748,4.088061647308183,2.021895557962424,0.2863535930720701,1715
Transformer,Df,3,0.49659891223229485,1.8008930047639413e-107,1.2309199657106538,3.751182663688562,1.936797011482763,0.34516202038333066,1715
Transformer,Df,4,0.43124652388515583,1.2913792707475272e-78,1.2919491791516629,4.2335924521188115,2.057569549764676,0.2609485123980002,1715
Transformer,Di,0,0.5850768520306175,4.463818523554322e-158,1.417882944891126,5.4981831881006595,2.3448205023200943,0.5058179970684198,1715
Transformer,Di,1,0.594762527166642,1.3261939730771452e-164,1.4498194459575953,5.83103670577438,2.4147539638179247,0.4759008021661443,1715
Transformer,Di,2,0.5376735701054692,4.281372235491307e-129,1.4573597845461208,6.048457490801458,2.4593611956769297,0.45635881250378196,1715
Transformer,Di,3,0.5687769502701995,1.4123102091605182e-147,1.4812960608012475,5.9899084361291335,2.4474289440408956,0.4616212579549156,1715
Transformer,Di,4,0.5895696551574311,4.462052255823373e-161,1.4254334458109241,5.9376203099091125,2.4367232731496435,0.4663209651237987,1715
Transformer,Dif,0,0.6025075986926866,5.508322909914543e-170,1.3758585706049082,5.887431943387874,2.426403087573842,0.44039678721800957,1715
Transformer,Dif,1,0.5718969058003038,1.533004841995204e-149,1.491590867862757,6.380261895840942,2.525918030309167,0.39355306530328416,1715
Transformer,Dif,2,0.5721292812813603,1.092421066505374e-149,1.4471926654393055,6.073242738309356,2.464395004521263,0.42273538258395393,1715
Transformer,Dif,3,0.5865081466805673,5.000655599344507e-159,1.4124891126816197,5.852025182711891,2.41909594326308,0.4437622166988098,1715
Transformer,Dif,4,0.5652764408226733,2.1331361831064324e-145,1.4689249774109865,6.050996748164075,2.459877384782436,0.4248498745520177,1715
Transformer,logKH_CO2,0,0.6601409199361995,3.772907310940942e-215,0.5620882708633607,0.7011302097227621,0.8373351836169086,0.38211310880475735,1715
Transformer,logKH_CO2,1,0.6488373519174465,1.6337554686043208e-205,0.597364945045018,0.6983891762057535,0.8356968207464676,0.38452870672793926,1715
Transformer,logKH_CO2,2,0.688110826016432,6.717900818244781e-241,0.5522078219464499,0.6169827194766525,0.78548247560124,0.45626999211835717,1715
Transformer,logKH_CO2,3,0.64636141001454,1.8591982947143026e-203,0.5899947251331702,0.7134292006626664,0.8446473824399543,0.37127434423390704,1715
Transformer,logKH_CO2,4,0.6440654419738985,1.4419822041067316e-201,0.5728260618691542,0.7197352707834533,0.8483721298955155,0.3657169769880527,1715
PointNet,CH4_HP,0,0.6630382647280554,1.093149087936985e-217,2.376557254217804,10.427127216741363,3.229106256650803,0.4767188964312309,1715
PointNet,CH4_HP,1,0.383863261259494,2.5358154995979923e-61,2.9471490046547038,14.45867331557874,3.8024562213888458,0.2743974086583716,1715
PointNet,CH4_HP,2,0.588675704423619,1.7792921141178406e-160,2.625690991242495,12.251276077819,3.500182292084085,0.38517473385826007,1715
PointNet,CH4_HP,3,0.5579327014518595,6.555703470557381e-141,2.679278428335579,11.922806535497626,3.4529417219955545,0.401658843145686,1715
PointNet,CH4_HP,4,0.5890994704038012,9.24104604068944e-161,2.757925588935179,15.161331001485415,3.893755385419764,0.23913482082670312,1715
PointNet,CO2_LP,0,0.4387943421329939,1.2320097750201617e-81,1.0061752083304043,1.972269818295113,1.4043752412710475,0.16514603615188117,1715
PointNet,CO2_LP,1,0.47060043756745623,3.099540031592586e-95,0.9878254567479319,1.9349077652854179,1.391009620845743,0.18096124447850392,1715
PointNet,CO2_LP,2,0.39471669948892346,4.8666553073148954e-65,1.0757581299966412,2.067174275898741,1.4377671146255713,0.12497335699699041,1715
PointNet,CO2_LP,3,0.36914857580682847,1.673701191313048e-56,1.0559865959268335,2.1720303679893145,1.4737809769396926,0.08058819057431987,1715
PointNet,CO2_LP,4,0.412520254501125,1.910691364956181e-71,1.0820615934341082,2.0392919058734456,1.4280377816687644,0.13677585324835007,1715
PointNet,Df,0,0.3639904907283206,7.157500975710558e-55,1.494186914488456,5.466878109356558,2.3381356054250912,0.045655800610496455,1715
PointNet,Df,1,0.41822629516174564,1.3942025746374338e-73,1.4464967991798334,5.212241015984447,2.2830332927893204,0.09010739220409059,1715
PointNet,Df,2,0.39392111819978953,9.214158092194928e-65,1.484960741065334,5.303817355025407,2.3030018139431427,0.07412105663617485,1715
PointNet,Df,3,-0.028164547449718857,0.24371682957363475,1.6452019350869316,5.791444891175036,2.406542102514526,-0.01100330525338733,1715
PointNet,Df,4,0.22434055884963933,5.259988270770722e-21,1.5124097933922147,5.282025867359152,2.298265839140275,0.07792516191058463,1715
PointNet,Di,0,0.7865449368130982,0.0,1.5947578424614999,6.022789923435371,2.4541373073720574,0.4586658381916138,1715
PointNet,Di,1,0.5679863989439008,4.409024464287488e-147,1.7288704823474494,7.539077523089468,2.745738065273064,0.32238044765768514,1715
PointNet,Di,2,0.5610349085457813,8.602903917236344e-143,1.6806248638442236,7.506043656352924,2.7397159809646188,0.32534956343101384,1715
PointNet,Di,3,0.5245788497447362,7.081707147769665e-122,1.8740062842911256,8.86162215830455,2.9768476881265777,0.20350886145599245,1715
PointNet,Di,4,0.559823401914896,4.698763423511201e-142,1.721302019263843,7.708753379519423,2.776464186608468,0.3071298181840878,1715
PointNet,Dif,0,0.31720946464718347,2.1529160590179076e-41,2.068991577242971,12.213469186318552,3.4947774158476177,-0.160896068370471,1715
PointNet,Dif,1,0.4949879761824566,1.1085061426080746e-106,1.9341867841715021,10.045643981941078,3.169486390874881,0.045156750716780825,1715
PointNet,Dif,2,0.5858036852903157,1.470718477584956e-158,1.7982987659665655,8.901427484254274,2.983526015347323,0.15391507427461248,1715
PointNet,Dif,3,0.6697304879308513,1.1648403076501876e-223,1.6945992872944378,7.175260579041965,2.678667687310609,0.3179880614858914,1715
PointNet,Dif,4,0.6108924279624252,5.569079514715078e-176,1.6036487131702657,6.644180555053565,2.577630802704989,0.3684674709340162,1715
PointNet,logKH_CO2,0,0.41104813077999086,6.695709557758229e-71,0.7469674143864184,0.9501939553910729,0.9747789264192537,0.16262003692401938,1715
PointNet,logKH_CO2,1,0.5357810307504869,4.949688847279583e-128,0.7006526935986805,0.8875132611612171,0.9420792223381307,0.21785881961883358,1715
PointNet,logKH_CO2,2,0.5597149308434524,5.468295274663756e-142,0.673735323044371,0.8389580180580014,0.9159465148457094,0.26064922829932446,1715
PointNet,logKH_CO2,3,0.45473783235791193,2.8437458915949757e-88,0.7088068857919371,0.9048281270577466,0.9512245408197513,0.2025997015379003,1715
PointNet,logKH_CO2,4,0.4575598516559524,1.7456098765842193e-89,0.7337212447261672,0.9138117427119308,0.9559350096695542,0.19468268659362675,1715
